qubits,workload,strategy,accuracy_kind,exit_code,bitwise_equal,max_abs_amplitude_error,max_abs_component_error,rel_l2,rmse_amplitude,max_abs_probability_error,total_probability_diff,worst_state,stdout_path,stderr_path,command
20,qft_pattern,dense,reference,0,true,0,0,0,0,0,0,0,,,reference row
20,qft_pattern,blosc,lossless,0,true,0,0,0,0,0,0,0,/home/buendiagon/buendiagon/Universidad/QSTest/results/thesis_experiments/manual-run/logs/q20_qft_pattern_blosc_error.stdout.log,/home/buendiagon/buendiagon/Universidad/QSTest/results/thesis_experiments/manual-run/logs/q20_qft_pattern_blosc_error.stderr.log,/home/buendiagon/buendiagon/Universidad/QSTest/build/release/bin/experiment_compare --qubits 20 --workload qft_pattern --strategy blosc
20,qft_pattern,zfp,lossy,0,false,3.7857887661870836e-11,3.4901859180536121e-11,1.3339405920315035e-10,1.3026763594057631e-13,1.9151472074874221e-11,4.8516746176119341e-11,462848,/home/buendiagon/buendiagon/Universidad/QSTest/results/thesis_experiments/manual-run/logs/q20_qft_pattern_zfp_error.stdout.log,/home/buendiagon/buendiagon/Universidad/QSTest/results/thesis_experiments/manual-run/logs/q20_qft_pattern_zfp_error.stderr.log,/home/buendiagon/buendiagon/Universidad/QSTest/build/release/bin/experiment_compare --qubits 20 --workload qft_pattern --strategy zfp
20,qft_high_entropy,dense,reference,0,true,0,0,0,0,0,0,0,,,reference row
20,qft_high_entropy,blosc,lossless,0,true,0,0,0,0,0,0,0,/home/buendiagon/buendiagon/Universidad/QSTest/results/thesis_experiments/manual-run/logs/q20_qft_high_entropy_blosc_error.stdout.log,/home/buendiagon/buendiagon/Universidad/QSTest/results/thesis_experiments/manual-run/logs/q20_qft_high_entropy_blosc_error.stderr.log,/home/buendiagon/buendiagon/Universidad/QSTest/build/release/bin/experiment_compare --qubits 20 --workload qft_high_entropy --strategy blosc
20,qft_high_entropy,zfp,lossy,0,false,3.2897444833796121e-11,2.9484206200657004e-11,2.6167049741690369e-10,2.5553759513369153e-13,4.6367034577744813e-14,3.3784086639343514e-13,526337,/home/buendiagon/buendiagon/Universidad/QSTest/results/thesis_experiments/manual-run/logs/q20_qft_high_entropy_zfp_error.stdout.log,/home/buendiagon/buendiagon/Universidad/QSTest/results/thesis_experiments/manual-run/logs/q20_qft_high_entropy_zfp_error.stderr.log,/home/buendiagon/buendiagon/Universidad/QSTest/build/release/bin/experiment_compare --qubits 20 --workload qft_high_entropy --strategy zfp
20,grover_single_n8,dense,reference,0,true,0,0,0,0,0,0,0,,,reference row
20,grover_single_n8,blosc,lossless,0,true,0,0,0,0,0,0,0,/home/buendiagon/buendiagon/Universidad/QSTest/results/thesis_experiments/manual-run/logs/q20_grover_single_n8_blosc_error.stdout.log,/home/buendiagon/buendiagon/Universidad/QSTest/results/thesis_experiments/manual-run/logs/q20_grover_single_n8_blosc_error.stderr.log,/home/buendiagon/buendiagon/Universidad/QSTest/build/release/bin/experiment_compare --qubits 20 --workload grover_single_n8 --strategy blosc
20,grover_single_n8,zfp,lossy,0,false,1.4707536012800484e-09,1.3799308362649754e-09,1.8238629490214721e-09,1.7811161611852015e-12,1.0176580689247317e-09,1.0176997022881551e-09,131072,/home/buendiagon/buendiagon/Universidad/QSTest/results/thesis_experiments/manual-run/logs/q20_grover_single_n8_zfp_error.stdout.log,/home/buendiagon/buendiagon/Universidad/QSTest/results/thesis_experiments/manual-run/logs/q20_grover_single_n8_zfp_error.stderr.log,/home/buendiagon/buendiagon/Universidad/QSTest/build/release/bin/experiment_compare --qubits 20 --workload grover_single_n8 --strategy zfp
20,grover_single_n2,dense,reference,0,true,0,0,0,0,0,0,0,,,reference row
20,grover_single_n2,blosc,lossless,0,true,0,0,0,0,0,0,0,/home/buendiagon/buendiagon/Universidad/QSTest/results/thesis_experiments/manual-run/logs/q20_grover_single_n2_blosc_error.stdout.log,/home/buendiagon/buendiagon/Universidad/QSTest/results/thesis_experiments/manual-run/logs/q20_grover_single_n2_blosc_error.stderr.log,/home/buendiagon/buendiagon/Universidad/QSTest/build/release/bin/experiment_compare --qubits 20 --workload grover_single_n2 --strategy blosc
20,grover_single_n2,zfp,lossy,0,false,6.752726156461038e-10,5.2864379540551454e-10,8.7443010226799377e-10,8.5393564675469581e-13,8.4030660207901064e-10,8.404450468901814e-10,524288,/home/buendiagon/buendiagon/Universidad/QSTest/results/thesis_experiments/manual-run/logs/q20_grover_single_n2_zfp_error.stdout.log,/home/buendiagon/buendiagon/Universidad/QSTest/results/thesis_experiments/manual-run/logs/q20_grover_single_n2_zfp_error.stderr.log,/home/buendiagon/buendiagon/Universidad/QSTest/build/release/bin/experiment_compare --qubits 20 --workload grover_single_n2 --strategy zfp
20,grover_single_7n8,dense,reference,0,true,0,0,0,0,0,0,0,,,reference row
20,grover_single_7n8,blosc,lossless,0,true,0,0,0,0,0,0,0,/home/buendiagon/buendiagon/Universidad/QSTest/results/thesis_experiments/manual-run/logs/q20_grover_single_7n8_blosc_error.stdout.log,/home/buendiagon/buendiagon/Universidad/QSTest/results/thesis_experiments/manual-run/logs/q20_grover_single_7n8_blosc_error.stderr.log,/home/buendiagon/buendiagon/Universidad/QSTest/build/release/bin/experiment_compare --qubits 20 --workload grover_single_7n8 --strategy blosc
20,grover_single_7n8,zfp,lossy,0,false,1.4613960439067286e-09,1.3635599316330627e-09,1.9042459437955079e-09,1.8596151794924875e-12,1.0514421555640752e-09,1.0517550164124145e-09,917504,/home/buendiagon/buendiagon/Universidad/QSTest/results/thesis_experiments/manual-run/logs/q20_grover_single_7n8_zfp_error.stdout.log,/home/buendiagon/buendiagon/Universidad/QSTest/results/thesis_experiments/manual-run/logs/q20_grover_single_7n8_zfp_error.stderr.log,/home/buendiagon/buendiagon/Universidad/QSTest/build/release/bin/experiment_compare --qubits 20 --workload grover_single_7n8 --strategy zfp
20,grover_multi,dense,reference,0,true,0,0,0,0,0,0,0,,,reference row
20,grover_multi,blosc,lossless,0,true,0,0,0,0,0,0,0,/home/buendiagon/buendiagon/Universidad/QSTest/results/thesis_experiments/manual-run/logs/q20_grover_multi_blosc_error.stdout.log,/home/buendiagon/buendiagon/Universidad/QSTest/results/thesis_experiments/manual-run/logs/q20_grover_multi_blosc_error.stderr.log,/home/buendiagon/buendiagon/Universidad/QSTest/build/release/bin/experiment_compare --qubits 20 --workload grover_multi --strategy blosc
20,grover_multi,zfp,lossy,0,false,9.0931592010897478e-10,8.8971319200936705e-10,1.3321014989841598e-09,1.3008803701133542e-12,2.8908725413501202e-10,4.5339509924247068e-11,131072,/home/buendiagon/buendiagon/Universidad/QSTest/results/thesis_experiments/manual-run/logs/q20_grover_multi_zfp_error.stdout.log,/home/buendiagon/buendiagon/Universidad/QSTest/results/thesis_experiments/manual-run/logs/q20_grover_multi_zfp_error.stderr.log,/home/buendiagon/buendiagon/Universidad/QSTest/build/release/bin/experiment_compare --qubits 20 --workload grover_multi --strategy zfp
20,grover_lazy_single_n8,dense,reference,0,true,0,0,0,0,0,0,0,,,reference row
20,grover_lazy_single_n8,blosc,lossless,0,true,0,0,0,0,0,0,0,/home/buendiagon/buendiagon/Universidad/QSTest/results/thesis_experiments/manual-run/logs/q20_grover_lazy_single_n8_blosc_error.stdout.log,/home/buendiagon/buendiagon/Universidad/QSTest/results/thesis_experiments/manual-run/logs/q20_grover_lazy_single_n8_blosc_error.stderr.log,/home/buendiagon/buendiagon/Universidad/QSTest/build/release/bin/experiment_compare --qubits 20 --workload grover_lazy_single_n8 --strategy blosc
20,grover_lazy_single_n8,zfp,lossy,0,false,1.136796259234377e-11,1.1340127850882861e-11,2.5822809683235567e-11,2.5217587581729597e-14,1.5900614158681492e-12,1.5898393712632242e-12,131072,/home/buendiagon/buendiagon/Universidad/QSTest/results/thesis_experiments/manual-run/logs/q20_grover_lazy_single_n8_zfp_error.stdout.log,/home/buendiagon/buendiagon/Universidad/QSTest/results/thesis_experiments/manual-run/logs/q20_grover_lazy_single_n8_zfp_error.stderr.log,/home/buendiagon/buendiagon/Universidad/QSTest/build/release/bin/experiment_compare --qubits 20 --workload grover_lazy_single_n8 --strategy zfp
20,grover_lazy_single_n2,dense,reference,0,true,0,0,0,0,0,0,0,,,reference row
20,grover_lazy_single_n2,blosc,lossless,0,true,0,0,0,0,0,0,0,/home/buendiagon/buendiagon/Universidad/QSTest/results/thesis_experiments/manual-run/logs/q20_grover_lazy_single_n2_blosc_error.stdout.log,/home/buendiagon/buendiagon/Universidad/QSTest/results/thesis_experiments/manual-run/logs/q20_grover_lazy_single_n2_blosc_error.stderr.log,/home/buendiagon/buendiagon/Universidad/QSTest/build/release/bin/experiment_compare --qubits 20 --workload grover_lazy_single_n2 --strategy blosc
20,grover_lazy_single_n2,zfp,lossy,0,false,2.7029158560476294e-11,2.6841152293864431e-11,5.1999843863738397e-11,5.0781097523693943e-14,1.251465597817969e-11,1.2513323710550139e-11,524417,/home/buendiagon/buendiagon/Universidad/QSTest/results/thesis_experiments/manual-run/logs/q20_grover_lazy_single_n2_zfp_error.stdout.log,/home/buendiagon/buendiagon/Universidad/QSTest/results/thesis_experiments/manual-run/logs/q20_grover_lazy_single_n2_zfp_error.stderr.log,/home/buendiagon/buendiagon/Universidad/QSTest/build/release/bin/experiment_compare --qubits 20 --workload grover_lazy_single_n2 --strategy zfp
20,grover_lazy_single_7n8,dense,reference,0,true,0,0,0,0,0,0,0,,,reference row
20,grover_lazy_single_7n8,blosc,lossless,0,true,0,0,0,0,0,0,0,/home/buendiagon/buendiagon/Universidad/QSTest/results/thesis_experiments/manual-run/logs/q20_grover_lazy_single_7n8_blosc_error.stdout.log,/home/buendiagon/buendiagon/Universidad/QSTest/results/thesis_experiments/manual-run/logs/q20_grover_lazy_single_7n8_blosc_error.stderr.log,/home/buendiagon/buendiagon/Universidad/QSTest/build/release/bin/experiment_compare --qubits 20 --workload grover_lazy_single_7n8 --strategy blosc
20,grover_lazy_single_7n8,zfp,lossy,0,false,2.7029222854116036e-11,2.6841217217810368e-11,5.2000325040140518e-11,5.0781567422140222e-14,1.251465597817969e-11,1.2512213487525514e-11,917633,/home/buendiagon/buendiagon/Universidad/QSTest/results/thesis_experiments/manual-run/logs/q20_grover_lazy_single_7n8_zfp_error.stdout.log,/home/buendiagon/buendiagon/Universidad/QSTest/results/thesis_experiments/manual-run/logs/q20_grover_lazy_single_7n8_zfp_error.stderr.log,/home/buendiagon/buendiagon/Universidad/QSTest/build/release/bin/experiment_compare --qubits 20 --workload grover_lazy_single_7n8 --strategy zfp
20,grover_lazy_multi,dense,reference,0,true,0,0,0,0,0,0,0,,,reference row
20,grover_lazy_multi,blosc,lossless,0,true,0,0,0,0,0,0,0,/home/buendiagon/buendiagon/Universidad/QSTest/results/thesis_experiments/manual-run/logs/q20_grover_lazy_multi_blosc_error.stdout.log,/home/buendiagon/buendiagon/Universidad/QSTest/results/thesis_experiments/manual-run/logs/q20_grover_lazy_multi_blosc_error.stderr.log,/home/buendiagon/buendiagon/Universidad/QSTest/build/release/bin/experiment_compare --qubits 20 --workload grover_lazy_multi --strategy blosc
20,grover_lazy_multi,zfp,lossy,0,false,1.6820833968715732e-11,1.6814664285870694e-11,4.6471537483697473e-11,4.5382360824329186e-14,2.8985702726913587e-12,6.3253846604993669e-12,524416,/home/buendiagon/buendiagon/Universidad/QSTest/results/thesis_experiments/manual-run/logs/q20_grover_lazy_multi_zfp_error.stdout.log,/home/buendiagon/buendiagon/Universidad/QSTest/results/thesis_experiments/manual-run/logs/q20_grover_lazy_multi_zfp_error.stderr.log,/home/buendiagon/buendiagon/Universidad/QSTest/build/release/bin/experiment_compare --qubits 20 --workload grover_lazy_multi --strategy zfp
21,qft_pattern,dense,reference,0,true,0,0,0,0,0,0,0,,,reference row
21,qft_pattern,blosc,lossless,0,true,0,0,0,0,0,0,0,/home/buendiagon/buendiagon/Universidad/QSTest/results/thesis_experiments/manual-run/logs/q21_qft_pattern_blosc_error.stdout.log,/home/buendiagon/buendiagon/Universidad/QSTest/results/thesis_experiments/manual-run/logs/q21_qft_pattern_blosc_error.stderr.log,/home/buendiagon/buendiagon/Universidad/QSTest/build/release/bin/experiment_compare --qubits 21 --workload qft_pattern --strategy blosc
21,qft_pattern,zfp,lossy,0,false,3.7857887661870836e-11,3.4901859180536121e-11,1.3339405920315035e-10,9.2113128742721923e-14,1.9151472074874221e-11,4.8516746176119341e-11,925696,/home/buendiagon/buendiagon/Universidad/QSTest/results/thesis_experiments/manual-run/logs/q21_qft_pattern_zfp_error.stdout.log,/home/buendiagon/buendiagon/Universidad/QSTest/results/thesis_experiments/manual-run/logs/q21_qft_pattern_zfp_error.stderr.log,/home/buendiagon/buendiagon/Universidad/QSTest/build/release/bin/experiment_compare --qubits 21 --workload qft_pattern --strategy zfp
21,qft_high_entropy,dense,reference,0,true,0,0,0,0,0,0,0,,,reference row
21,qft_high_entropy,blosc,lossless,0,true,0,0,0,0,0,0,0,/home/buendiagon/buendiagon/Universidad/QSTest/results/thesis_experiments/manual-run/logs/q21_qft_high_entropy_blosc_error.stdout.log,/home/buendiagon/buendiagon/Universidad/QSTest/results/thesis_experiments/manual-run/logs/q21_qft_high_entropy_blosc_error.stderr.log,/home/buendiagon/buendiagon/Universidad/QSTest/build/release/bin/experiment_compare --qubits 21 --workload qft_high_entropy --strategy blosc
21,qft_high_entropy,zfp,lossy,0,false,2.6439161770001318e-11,2.3640387282301834e-11,2.8586383652225485e-10,1.973986887703997e-13,6.9103509688154792e-14,2.120525977034049e-14,1052673,/home/buendiagon/buendiagon/Universidad/QSTest/results/thesis_experiments/manual-run/logs/q21_qft_high_entropy_zfp_error.stdout.log,/home/buendiagon/buendiagon/Universidad/QSTest/results/thesis_experiments/manual-run/logs/q21_qft_high_entropy_zfp_error.stderr.log,/home/buendiagon/buendiagon/Universidad/QSTest/build/release/bin/experiment_compare --qubits 21 --workload qft_high_entropy --strategy zfp
21,grover_single_n8,dense,reference,0,true,0,0,0,0,0,0,0,,,reference row
21,grover_single_n8,blosc,lossless,0,true,0,0,0,0,0,0,0,/home/buendiagon/buendiagon/Universidad/QSTest/results/thesis_experiments/manual-run/logs/q21_grover_single_n8_blosc_error.stdout.log,/home/buendiagon/buendiagon/Universidad/QSTest/results/thesis_experiments/manual-run/logs/q21_grover_single_n8_blosc_error.stderr.log,/home/buendiagon/buendiagon/Universidad/QSTest/build/release/bin/experiment_compare --qubits 21 --workload grover_single_n8 --strategy blosc
21,grover_single_n8,zfp,lossy,0,false,5.9554447790177283e-10,5.9071680880151689e-10,9.6752350077245524e-10,6.6810784019085279e-13,1.5135226405504909e-10,1.5135248609965402e-10,262144,/home/buendiagon/buendiagon/Universidad/QSTest/results/thesis_experiments/manual-run/logs/q21_grover_single_n8_zfp_error.stdout.log,/home/buendiagon/buendiagon/Universidad/QSTest/results/thesis_experiments/manual-run/logs/q21_grover_single_n8_zfp_error.stderr.log,/home/buendiagon/buendiagon/Universidad/QSTest/build/release/bin/experiment_compare --qubits 21 --workload grover_single_n8 --strategy zfp
21,grover_single_n2,dense,reference,0,true,0,0,0,0,0,0,0,,,reference row
21,grover_single_n2,blosc,lossless,0,true,0,0,0,0,0,0,0,/home/buendiagon/buendiagon/Universidad/QSTest/results/thesis_experiments/manual-run/logs/q21_grover_single_n2_blosc_error.stdout.log,/home/buendiagon/buendiagon/Universidad/QSTest/results/thesis_experiments/manual-run/logs/q21_grover_single_n2_blosc_error.stderr.log,/home/buendiagon/buendiagon/Universidad/QSTest/build/release/bin/experiment_compare --qubits 21 --workload grover_single_n2 --strategy blosc
21,grover_single_n2,zfp,lossy,0,false,5.9554447790177283e-10,5.9071680880151689e-10,9.675235007689331e-10,6.6810784018976813e-13,1.5135226405504909e-10,1.5135359632267864e-10,1048576,/home/buendiagon/buendiagon/Universidad/QSTest/results/thesis_experiments/manual-run/logs/q21_grover_single_n2_zfp_error.stdout.log,/home/buendiagon/buendiagon/Universidad/QSTest/results/thesis_experiments/manual-run/logs/q21_grover_single_n2_zfp_error.stderr.log,/home/buendiagon/buendiagon/Universidad/QSTest/build/release/bin/experiment_compare --qubits 21 --workload grover_single_n2 --strategy zfp
21,grover_single_7n8,dense,reference,0,true,0,0,0,0,0,0,0,,,reference row
21,grover_single_7n8,blosc,lossless,0,true,0,0,0,0,0,0,0,/home/buendiagon/buendiagon/Universidad/QSTest/results/thesis_experiments/manual-run/logs/q21_grover_single_7n8_blosc_error.stdout.log,/home/buendiagon/buendiagon/Universidad/QSTest/results/thesis_experiments/manual-run/logs/q21_grover_single_7n8_blosc_error.stderr.log,/home/buendiagon/buendiagon/Universidad/QSTest/build/release/bin/experiment_compare --qubits 21 --workload grover_single_7n8 --strategy blosc
21,grover_single_7n8,zfp,lossy,0,false,1.9257936852187752e-09,1.8399077816866338e-09,2.4808274313734171e-09,1.7130956051656738e-12,1.1374017283571902e-09,1.1375634878518781e-09,1835008,/home/buendiagon/buendiagon/Universidad/QSTest/results/thesis_experiments/manual-run/logs/q21_grover_single_7n8_zfp_error.stdout.log,/home/buendiagon/buendiagon/Universidad/QSTest/results/thesis_experiments/manual-run/logs/q21_grover_single_7n8_zfp_error.stderr.log,/home/buendiagon/buendiagon/Universidad/QSTest/build/release/bin/experiment_compare --qubits 21 --workload grover_single_7n8 --strategy zfp
21,grover_multi,dense,reference,0,true,0,0,0,0,0,0,0,,,reference row
21,grover_multi,blosc,lossless,0,true,0,0,0,0,0,0,0,/home/buendiagon/buendiagon/Universidad/QSTest/results/thesis_experiments/manual-run/logs/q21_grover_multi_blosc_error.stdout.log,/home/buendiagon/buendiagon/Universidad/QSTest/results/thesis_experiments/manual-run/logs/q21_grover_multi_blosc_error.stderr.log,/home/buendiagon/buendiagon/Universidad/QSTest/build/release/bin/experiment_compare --qubits 21 --workload grover_multi --strategy blosc
21,grover_multi,zfp,lossy,0,false,3.9447711275842536e-10,3.808509063674137e-10,9.8018202622757992e-10,6.7684898198191611e-13,1.1868606097920065e-10,3.5604119652532518e-10,262144,/home/buendiagon/buendiagon/Universidad/QSTest/results/thesis_experiments/manual-run/logs/q21_grover_multi_zfp_error.stdout.log,/home/buendiagon/buendiagon/Universidad/QSTest/results/thesis_experiments/manual-run/logs/q21_grover_multi_zfp_error.stderr.log,/home/buendiagon/buendiagon/Universidad/QSTest/build/release/bin/experiment_compare --qubits 21 --workload grover_multi --strategy zfp
21,grover_lazy_single_n8,dense,reference,0,true,0,0,0,0,0,0,0,,,reference row
21,grover_lazy_single_n8,blosc,lossless,0,true,0,0,0,0,0,0,0,/home/buendiagon/buendiagon/Universidad/QSTest/results/thesis_experiments/manual-run/logs/q21_grover_lazy_single_n8_blosc_error.stdout.log,/home/buendiagon/buendiagon/Universidad/QSTest/results/thesis_experiments/manual-run/logs/q21_grover_lazy_single_n8_blosc_error.stderr.log,/home/buendiagon/buendiagon/Universidad/QSTest/build/release/bin/experiment_compare --qubits 21 --workload grover_lazy_single_n8 --strategy blosc
21,grover_lazy_single_n8,zfp,lossy,0,false,1.0600839932095018e-11,9.7866005333741704e-12,3.0279644568860236e-11,2.0909123053338243e-14,8.0104811672754295e-12,8.0104811672754295e-12,262400,/home/buendiagon/buendiagon/Universidad/QSTest/results/thesis_experiments/manual-run/logs/q21_grover_lazy_single_n8_zfp_error.stdout.log,/home/buendiagon/buendiagon/Universidad/QSTest/results/thesis_experiments/manual-run/logs/q21_grover_lazy_single_n8_zfp_error.stderr.log,/home/buendiagon/buendiagon/Universidad/QSTest/build/release/bin/experiment_compare --qubits 21 --workload grover_lazy_single_n8 --strategy zfp
21,grover_lazy_single_n2,dense,reference,0,true,0,0,0,0,0,0,0,,,reference row
21,grover_lazy_single_n2,blosc,lossless,0,true,0,0,0,0,0,0,0,/home/buendiagon/buendiagon/Universidad/QSTest/results/thesis_experiments/manual-run/logs/q21_grover_lazy_single_n2_blosc_error.stdout.log,/home/buendiagon/buendiagon/Universidad/QSTest/results/thesis_experiments/manual-run/logs/q21_grover_lazy_single_n2_blosc_error.stderr.log,/home/buendiagon/buendiagon/Universidad/QSTest/build/release/bin/experiment_compare --qubits 21 --workload grover_lazy_single_n2 --strategy blosc
21,grover_lazy_single_n2,zfp,lossy,0,false,1.0600839932095018e-11,9.7866005333741704e-12,3.0279644568728126e-11,2.0909123053289185e-14,8.0104811672754295e-12,8.0098150334606544e-12,1048832,/home/buendiagon/buendiagon/Universidad/QSTest/results/thesis_experiments/manual-run/logs/q21_grover_lazy_single_n2_zfp_error.stdout.log,/home/buendiagon/buendiagon/Universidad/QSTest/results/thesis_experiments/manual-run/logs/q21_grover_lazy_single_n2_zfp_error.stderr.log,/home/buendiagon/buendiagon/Universidad/QSTest/build/release/bin/experiment_compare --qubits 21 --workload grover_lazy_single_n2 --strategy zfp
21,grover_lazy_single_7n8,dense,reference,0,true,0,0,0,0,0,0,0,,,reference row
21,grover_lazy_single_7n8,blosc,lossless,0,true,0,0,0,0,0,0,0,/home/buendiagon/buendiagon/Universidad/QSTest/results/thesis_experiments/manual-run/logs/q21_grover_lazy_single_7n8_blosc_error.stdout.log,/home/buendiagon/buendiagon/Universidad/QSTest/results/thesis_experiments/manual-run/logs/q21_grover_lazy_single_7n8_blosc_error.stderr.log,/home/buendiagon/buendiagon/Universidad/QSTest/build/release/bin/experiment_compare --qubits 21 --workload grover_lazy_single_7n8 --strategy blosc
21,grover_lazy_single_7n8,zfp,lossy,0,false,1.0600863845872655e-11,9.7865672470310081e-12,3.0280132012097061e-11,2.0909459649534109e-14,8.0104811672754295e-12,8.0093709442508043e-12,1835264,/home/buendiagon/buendiagon/Universidad/QSTest/results/thesis_experiments/manual-run/logs/q21_grover_lazy_single_7n8_zfp_error.stdout.log,/home/buendiagon/buendiagon/Universidad/QSTest/results/thesis_experiments/manual-run/logs/q21_grover_lazy_single_7n8_zfp_error.stderr.log,/home/buendiagon/buendiagon/Universidad/QSTest/build/release/bin/experiment_compare --qubits 21 --workload grover_lazy_single_7n8 --strategy zfp
21,grover_lazy_multi,dense,reference,0,true,0,0,0,0,0,0,0,,,reference row
21,grover_lazy_multi,blosc,lossless,0,true,0,0,0,0,0,0,0,/home/buendiagon/buendiagon/Universidad/QSTest/results/thesis_experiments/manual-run/logs/q21_grover_lazy_multi_blosc_error.stdout.log,/home/buendiagon/buendiagon/Universidad/QSTest/results/thesis_experiments/manual-run/logs/q21_grover_lazy_multi_blosc_error.stderr.log,/home/buendiagon/buendiagon/Universidad/QSTest/build/release/bin/experiment_compare --qubits 21 --workload grover_lazy_multi --strategy blosc
21,grover_lazy_multi,zfp,lossy,0,false,1.0677168028359113e-11,1.0676985718260699e-11,4.148460826388679e-11,2.8646531072801981e-14,7.2053474298172659e-14,2.1671553440683056e-13,262144,/home/buendiagon/buendiagon/Universidad/QSTest/results/thesis_experiments/manual-run/logs/q21_grover_lazy_multi_zfp_error.stdout.log,/home/buendiagon/buendiagon/Universidad/QSTest/results/thesis_experiments/manual-run/logs/q21_grover_lazy_multi_zfp_error.stderr.log,/home/buendiagon/buendiagon/Universidad/QSTest/build/release/bin/experiment_compare --qubits 21 --workload grover_lazy_multi --strategy zfp
22,qft_pattern,dense,reference,0,true,0,0,0,0,0,0,0,,,reference row
22,qft_pattern,blosc,lossless,0,true,0,0,0,0,0,0,0,/home/buendiagon/buendiagon/Universidad/QSTest/results/thesis_experiments/manual-run/logs/q22_qft_pattern_blosc_error.stdout.log,/home/buendiagon/buendiagon/Universidad/QSTest/results/thesis_experiments/manual-run/logs/q22_qft_pattern_blosc_error.stderr.log,/home/buendiagon/buendiagon/Universidad/QSTest/build/release/bin/experiment_compare --qubits 22 --workload qft_pattern --strategy blosc
22,qft_pattern,zfp,lossy,0,false,3.7857887661870836e-11,3.4901859180536121e-11,1.3339408462554867e-10,6.5133830383568571e-14,1.9151513708237644e-11,4.8517412309934116e-11,1851392,/home/buendiagon/buendiagon/Universidad/QSTest/results/thesis_experiments/manual-run/logs/q22_qft_pattern_zfp_error.stdout.log,/home/buendiagon/buendiagon/Universidad/QSTest/results/thesis_experiments/manual-run/logs/q22_qft_pattern_zfp_error.stderr.log,/home/buendiagon/buendiagon/Universidad/QSTest/build/release/bin/experiment_compare --qubits 22 --workload qft_pattern --strategy zfp
22,qft_high_entropy,dense,reference,0,true,0,0,0,0,0,0,0,,,reference row
22,qft_high_entropy,blosc,lossless,0,true,0,0,0,0,0,0,0,/home/buendiagon/buendiagon/Universidad/QSTest/results/thesis_experiments/manual-run/logs/q22_qft_high_entropy_blosc_error.stdout.log,/home/buendiagon/buendiagon/Universidad/QSTest/results/thesis_experiments/manual-run/logs/q22_qft_high_entropy_blosc_error.stderr.log,/home/buendiagon/buendiagon/Universidad/QSTest/build/release/bin/experiment_compare --qubits 22 --workload qft_high_entropy --strategy blosc
22,qft_high_entropy,zfp,lossy,0,false,3.5324910986447846e-11,3.1143792155374685e-11,2.8894691200604048e-10,1.4108735937795185e-13,4.7789256576897816e-14,1.1080025785759062e-13,2105345,/home/buendiagon/buendiagon/Universidad/QSTest/results/thesis_experiments/manual-run/logs/q22_qft_high_entropy_zfp_error.stdout.log,/home/buendiagon/buendiagon/Universidad/QSTest/results/thesis_experiments/manual-run/logs/q22_qft_high_entropy_zfp_error.stderr.log,/home/buendiagon/buendiagon/Universidad/QSTest/build/release/bin/experiment_compare --qubits 22 --workload qft_high_entropy --strategy zfp
22,grover_single_n8,dense,reference,0,true,0,0,0,0,0,0,0,,,reference row
22,grover_single_n8,blosc,lossless,0,true,0,0,0,0,0,0,0,/home/buendiagon/buendiagon/Universidad/QSTest/results/thesis_experiments/manual-run/logs/q22_grover_single_n8_blosc_error.stdout.log,/home/buendiagon/buendiagon/Universidad/QSTest/results/thesis_experiments/manual-run/logs/q22_grover_single_n8_blosc_error.stderr.log,/home/buendiagon/buendiagon/Universidad/QSTest/build/release/bin/experiment_compare --qubits 22 --workload grover_single_n8 --strategy blosc
22,grover_single_n8,zfp,lossy,0,false,1.2343846557881863e-09,1.0991243470925838e-09,1.5656339164941294e-09,7.6446968578132487e-13,1.1236211960863329e-09,1.1236217511978452e-09,524288,/home/buendiagon/buendiagon/Universidad/QSTest/results/thesis_experiments/manual-run/logs/q22_grover_single_n8_zfp_error.stdout.log,/home/buendiagon/buendiagon/Universidad/QSTest/results/thesis_experiments/manual-run/logs/q22_grover_single_n8_zfp_error.stderr.log,/home/buendiagon/buendiagon/Universidad/QSTest/build/release/bin/experiment_compare --qubits 22 --workload grover_single_n8 --strategy zfp
22,grover_single_n2,dense,reference,0,true,0,0,0,0,0,0,0,,,reference row
22,grover_single_n2,blosc,lossless,0,true,0,0,0,0,0,0,0,/home/buendiagon/buendiagon/Universidad/QSTest/results/thesis_experiments/manual-run/logs/q22_grover_single_n2_blosc_error.stdout.log,/home/buendiagon/buendiagon/Universidad/QSTest/results/thesis_experiments/manual-run/logs/q22_grover_single_n2_blosc_error.stderr.log,/home/buendiagon/buendiagon/Universidad/QSTest/build/release/bin/experiment_compare --qubits 22 --workload grover_single_n2 --strategy blosc
22,grover_single_n2,zfp,lossy,0,false,1.2343846557881863e-09,1.0991243470925838e-09,1.5656339164761097e-09,7.6446968577545039e-13,1.1236211960863329e-09,1.1236233055100797e-09,2097152,/home/buendiagon/buendiagon/Universidad/QSTest/results/thesis_experiments/manual-run/logs/q22_grover_single_n2_zfp_error.stdout.log,/home/buendiagon/buendiagon/Universidad/QSTest/results/thesis_experiments/manual-run/logs/q22_grover_single_n2_zfp_error.stderr.log,/home/buendiagon/buendiagon/Universidad/QSTest/build/release/bin/experiment_compare --qubits 22 --workload grover_single_n2 --strategy zfp
22,grover_single_7n8,dense,reference,0,true,0,0,0,0,0,0,0,,,reference row
22,grover_single_7n8,blosc,lossless,0,true,0,0,0,0,0,0,0,/home/buendiagon/buendiagon/Universidad/QSTest/results/thesis_experiments/manual-run/logs/q22_grover_single_7n8_blosc_error.stdout.log,/home/buendiagon/buendiagon/Universidad/QSTest/results/thesis_experiments/manual-run/logs/q22_grover_single_7n8_blosc_error.stderr.log,/home/buendiagon/buendiagon/Universidad/QSTest/build/release/bin/experiment_compare --qubits 22 --workload grover_single_7n8 --strategy blosc
22,grover_single_7n8,zfp,lossy,0,false,1.2343846557881863e-09,1.0991243470925838e-09,1.5656339164691322e-09,7.6446968577496784e-13,1.1236211960863329e-09,1.1236250818669191e-09,3670016,/home/buendiagon/buendiagon/Universidad/QSTest/results/thesis_experiments/manual-run/logs/q22_grover_single_7n8_zfp_error.stdout.log,/home/buendiagon/buendiagon/Universidad/QSTest/results/thesis_experiments/manual-run/logs/q22_grover_single_7n8_zfp_error.stderr.log,/home/buendiagon/buendiagon/Universidad/QSTest/build/release/bin/experiment_compare --qubits 22 --workload grover_single_7n8 --strategy zfp
22,grover_multi,dense,reference,0,true,0,0,0,0,0,0,0,,,reference row
22,grover_multi,blosc,lossless,0,true,0,0,0,0,0,0,0,/home/buendiagon/buendiagon/Universidad/QSTest/results/thesis_experiments/manual-run/logs/q22_grover_multi_blosc_error.stdout.log,/home/buendiagon/buendiagon/Universidad/QSTest/results/thesis_experiments/manual-run/logs/q22_grover_multi_blosc_error.stderr.log,/home/buendiagon/buendiagon/Universidad/QSTest/build/release/bin/experiment_compare --qubits 22 --workload grover_multi --strategy blosc
22,grover_multi,zfp,lossy,0,false,5.4328600099266632e-10,4.943103704135865e-10,1.2413053612297404e-09,6.0610613343554569e-13,2.6029967070684279e-10,7.8087425414707923e-10,524288,/home/buendiagon/buendiagon/Universidad/QSTest/results/thesis_experiments/manual-run/logs/q22_grover_multi_zfp_error.stdout.log,/home/buendiagon/buendiagon/Universidad/QSTest/results/thesis_experiments/manual-run/logs/q22_grover_multi_zfp_error.stderr.log,/home/buendiagon/buendiagon/Universidad/QSTest/build/release/bin/experiment_compare --qubits 22 --workload grover_multi --strategy zfp
22,grover_lazy_single_n8,dense,reference,0,true,0,0,0,0,0,0,0,,,reference row
22,grover_lazy_single_n8,blosc,lossless,0,true,0,0,0,0,0,0,0,/home/buendiagon/buendiagon/Universidad/QSTest/results/thesis_experiments/manual-run/logs/q22_grover_lazy_single_n8_blosc_error.stdout.log,/home/buendiagon/buendiagon/Universidad/QSTest/results/thesis_experiments/manual-run/logs/q22_grover_lazy_single_n8_blosc_error.stderr.log,/home/buendiagon/buendiagon/Universidad/QSTest/build/release/bin/experiment_compare --qubits 22 --workload grover_lazy_single_n8 --strategy blosc
22,grover_lazy_single_n8,zfp,lossy,0,false,3.0379075144765491e-11,2.9553201915635472e-11,5.9107983947753556e-11,2.8861320286731494e-14,1.4070744569494309e-11,1.4070744569494309e-11,524288,/home/buendiagon/buendiagon/Universidad/QSTest/results/thesis_experiments/manual-run/logs/q22_grover_lazy_single_n8_zfp_error.stdout.log,/home/buendiagon/buendiagon/Universidad/QSTest/results/thesis_experiments/manual-run/logs/q22_grover_lazy_single_n8_zfp_error.stderr.log,/home/buendiagon/buendiagon/Universidad/QSTest/build/release/bin/experiment_compare --qubits 22 --workload grover_lazy_single_n8 --strategy zfp
22,grover_lazy_single_n2,dense,reference,0,true,0,0,0,0,0,0,0,,,reference row
22,grover_lazy_single_n2,blosc,lossless,0,true,0,0,0,0,0,0,0,/home/buendiagon/buendiagon/Universidad/QSTest/results/thesis_experiments/manual-run/logs/q22_grover_lazy_single_n2_blosc_error.stdout.log,/home/buendiagon/buendiagon/Universidad/QSTest/results/thesis_experiments/manual-run/logs/q22_grover_lazy_single_n2_blosc_error.stderr.log,/home/buendiagon/buendiagon/Universidad/QSTest/build/release/bin/experiment_compare --qubits 22 --workload grover_lazy_single_n2 --strategy blosc
22,grover_lazy_single_n2,zfp,lossy,0,false,3.0379075144765491e-11,2.9553201915635472e-11,5.9107983945650643e-11,2.886132028581509e-14,1.4070744569494309e-11,1.4070633547191846e-11,2097152,/home/buendiagon/buendiagon/Universidad/QSTest/results/thesis_experiments/manual-run/logs/q22_grover_lazy_single_n2_zfp_error.stdout.log,/home/buendiagon/buendiagon/Universidad/QSTest/results/thesis_experiments/manual-run/logs/q22_grover_lazy_single_n2_zfp_error.stderr.log,/home/buendiagon/buendiagon/Universidad/QSTest/build/release/bin/experiment_compare --qubits 22 --workload grover_lazy_single_n2 --strategy zfp
22,grover_lazy_single_7n8,dense,reference,0,true,0,0,0,0,0,0,0,,,reference row
22,grover_lazy_single_7n8,blosc,lossless,0,true,0,0,0,0,0,0,0,/home/buendiagon/buendiagon/Universidad/QSTest/results/thesis_experiments/manual-run/logs/q22_grover_lazy_single_7n8_blosc_error.stdout.log,/home/buendiagon/buendiagon/Universidad/QSTest/results/thesis_experiments/manual-run/logs/q22_grover_lazy_single_7n8_blosc_error.stderr.log,/home/buendiagon/buendiagon/Universidad/QSTest/build/release/bin/experiment_compare --qubits 22 --workload grover_lazy_single_7n8 --strategy blosc
22,grover_lazy_single_7n8,zfp,lossy,0,false,3.0379075144765491e-11,2.9553201915635472e-11,5.9107983944016522e-11,2.8861320285127582e-14,1.4070744569494309e-11,1.4070855591796771e-11,3670016,/home/buendiagon/buendiagon/Universidad/QSTest/results/thesis_experiments/manual-run/logs/q22_grover_lazy_single_7n8_zfp_error.stdout.log,/home/buendiagon/buendiagon/Universidad/QSTest/results/thesis_experiments/manual-run/logs/q22_grover_lazy_single_7n8_zfp_error.stderr.log,/home/buendiagon/buendiagon/Universidad/QSTest/build/release/bin/experiment_compare --qubits 22 --workload grover_lazy_single_7n8 --strategy zfp
22,grover_lazy_multi,dense,reference,0,true,0,0,0,0,0,0,0,,,reference row
22,grover_lazy_multi,blosc,lossless,0,true,0,0,0,0,0,0,0,/home/buendiagon/buendiagon/Universidad/QSTest/results/thesis_experiments/manual-run/logs/q22_grover_lazy_multi_blosc_error.stdout.log,/home/buendiagon/buendiagon/Universidad/QSTest/results/thesis_experiments/manual-run/logs/q22_grover_lazy_multi_blosc_error.stderr.log,/home/buendiagon/buendiagon/Universidad/QSTest/build/release/bin/experiment_compare --qubits 22 --workload grover_lazy_multi --strategy blosc
22,grover_lazy_multi,zfp,lossy,0,false,1.7298963311358625e-11,1.7275043639858857e-11,5.5163116778603425e-11,2.6935115615556137e-14,7.9594109081426723e-12,2.3878454769032942e-11,524416,/home/buendiagon/buendiagon/Universidad/QSTest/results/thesis_experiments/manual-run/logs/q22_grover_lazy_multi_zfp_error.stdout.log,/home/buendiagon/buendiagon/Universidad/QSTest/results/thesis_experiments/manual-run/logs/q22_grover_lazy_multi_zfp_error.stderr.log,/home/buendiagon/buendiagon/Universidad/QSTest/build/release/bin/experiment_compare --qubits 22 --workload grover_lazy_multi --strategy zfp
23,qft_pattern,dense,reference,0,true,0,0,0,0,0,0,0,,,reference row
23,qft_pattern,blosc,lossless,0,true,0,0,0,0,0,0,0,/home/buendiagon/buendiagon/Universidad/QSTest/results/thesis_experiments/manual-run/logs/q23_qft_pattern_blosc_error.stdout.log,/home/buendiagon/buendiagon/Universidad/QSTest/results/thesis_experiments/manual-run/logs/q23_qft_pattern_blosc_error.stderr.log,/home/buendiagon/buendiagon/Universidad/QSTest/build/release/bin/experiment_compare --qubits 23 --workload qft_pattern --strategy blosc
23,qft_pattern,zfp,lossy,0,false,3.7857887661870836e-11,3.4901859180536121e-11,1.3339408462554867e-10,4.6056573148875717e-14,1.9151513708237644e-11,4.8517412309934116e-11,3702784,/home/buendiagon/buendiagon/Universidad/QSTest/results/thesis_experiments/manual-run/logs/q23_qft_pattern_zfp_error.stdout.log,/home/buendiagon/buendiagon/Universidad/QSTest/results/thesis_experiments/manual-run/logs/q23_qft_pattern_zfp_error.stderr.log,/home/buendiagon/buendiagon/Universidad/QSTest/build/release/bin/experiment_compare --qubits 23 --workload qft_pattern --strategy zfp
23,qft_high_entropy,dense,reference,0,true,0,0,0,0,0,0,0,,,reference row
23,qft_high_entropy,blosc,lossless,0,true,0,0,0,0,0,0,0,/home/buendiagon/buendiagon/Universidad/QSTest/results/thesis_experiments/manual-run/logs/q23_qft_high_entropy_blosc_error.stdout.log,/home/buendiagon/buendiagon/Universidad/QSTest/results/thesis_experiments/manual-run/logs/q23_qft_high_entropy_blosc_error.stderr.log,/home/buendiagon/buendiagon/Universidad/QSTest/build/release/bin/experiment_compare --qubits 23 --workload qft_high_entropy --strategy blosc
23,qft_high_entropy,zfp,lossy,0,false,2.8235033699442655e-11,2.482899465455074e-11,3.1459253494844454e-10,1.0861841541635613e-13,2.0846492030448675e-14,1.1313172620930345e-13,4210689,/home/buendiagon/buendiagon/Universidad/QSTest/results/thesis_experiments/manual-run/logs/q23_qft_high_entropy_zfp_error.stdout.log,/home/buendiagon/buendiagon/Universidad/QSTest/results/thesis_experiments/manual-run/logs/q23_qft_high_entropy_zfp_error.stderr.log,/home/buendiagon/buendiagon/Universidad/QSTest/build/release/bin/experiment_compare --qubits 23 --workload qft_high_entropy --strategy zfp
23,grover_single_n8,dense,reference,0,true,0,0,0,0,0,0,0,,,reference row
23,grover_single_n8,blosc,lossless,0,true,0,0,0,0,0,0,0,/home/buendiagon/buendiagon/Universidad/QSTest/results/thesis_experiments/manual-run/logs/q23_grover_single_n8_blosc_error.stdout.log,/home/buendiagon/buendiagon/Universidad/QSTest/results/thesis_experiments/manual-run/logs/q23_grover_single_n8_blosc_error.stderr.log,/home/buendiagon/buendiagon/Universidad/QSTest/build/release/bin/experiment_compare --qubits 23 --workload grover_single_n8 --strategy blosc
23,grover_single_n8,zfp,lossy,0,false,1.85270883275206e-09,1.726448317640461e-09,2.4070559751222996e-09,8.3107695460123839e-13,1.3444794166872498e-09,1.344452105200844e-09,1048576,/home/buendiagon/buendiagon/Universidad/QSTest/results/thesis_experiments/manual-run/logs/q23_grover_single_n8_zfp_error.stdout.log,/home/buendiagon/buendiagon/Universidad/QSTest/results/thesis_experiments/manual-run/logs/q23_grover_single_n8_zfp_error.stderr.log,/home/buendiagon/buendiagon/Universidad/QSTest/build/release/bin/experiment_compare --qubits 23 --workload grover_single_n8 --strategy zfp
23,grover_single_n2,dense,reference,0,true,0,0,0,0,0,0,0,,,reference row
23,grover_single_n2,blosc,lossless,0,true,0,0,0,0,0,0,0,/home/buendiagon/buendiagon/Universidad/QSTest/results/thesis_experiments/manual-run/logs/q23_grover_single_n2_blosc_error.stdout.log,/home/buendiagon/buendiagon/Universidad/QSTest/results/thesis_experiments/manual-run/logs/q23_grover_single_n2_blosc_error.stderr.log,/home/buendiagon/buendiagon/Universidad/QSTest/build/release/bin/experiment_compare --qubits 23 --workload grover_single_n2 --strategy blosc
23,grover_single_n2,zfp,lossy,0,false,1.85270883275206e-09,1.726448317640461e-09,2.4070559754585386e-09,8.3107695465339621e-13,1.3444794166872498e-09,1.3443710589200464e-09,4194304,/home/buendiagon/buendiagon/Universidad/QSTest/results/thesis_experiments/manual-run/logs/q23_grover_single_n2_zfp_error.stdout.log,/home/buendiagon/buendiagon/Universidad/QSTest/results/thesis_experiments/manual-run/logs/q23_grover_single_n2_zfp_error.stderr.log,/home/buendiagon/buendiagon/Universidad/QSTest/build/release/bin/experiment_compare --qubits 23 --workload grover_single_n2 --strategy zfp
23,grover_single_7n8,dense,reference,0,true,0,0,0,0,0,0,0,,,reference row
23,grover_single_7n8,blosc,lossless,0,true,0,0,0,0,0,0,0,/home/buendiagon/buendiagon/Universidad/QSTest/results/thesis_experiments/manual-run/logs/q23_grover_single_7n8_blosc_error.stdout.log,/home/buendiagon/buendiagon/Universidad/QSTest/results/thesis_experiments/manual-run/logs/q23_grover_single_7n8_blosc_error.stderr.log,/home/buendiagon/buendiagon/Universidad/QSTest/build/release/bin/experiment_compare --qubits 23 --workload grover_single_7n8 --strategy blosc
23,grover_single_7n8,zfp,lossy,0,false,1.85270883275206e-09,1.726448317640461e-09,2.4070559757695606e-09,8.3107695469684722e-13,1.3444794166872498e-09,1.3442902346838537e-09,7340032,/home/buendiagon/buendiagon/Universidad/QSTest/results/thesis_experiments/manual-run/logs/q23_grover_single_7n8_zfp_error.stdout.log,/home/buendiagon/buendiagon/Universidad/QSTest/results/thesis_experiments/manual-run/logs/q23_grover_single_7n8_zfp_error.stderr.log,/home/buendiagon/buendiagon/Universidad/QSTest/build/release/bin/experiment_compare --qubits 23 --workload grover_single_7n8 --strategy zfp
23,grover_multi,dense,reference,0,true,0,0,0,0,0,0,0,,,reference row
23,grover_multi,blosc,lossless,0,true,0,0,0,0,0,0,0,/home/buendiagon/buendiagon/Universidad/QSTest/results/thesis_experiments/manual-run/logs/q23_grover_multi_blosc_error.stdout.log,/home/buendiagon/buendiagon/Universidad/QSTest/results/thesis_experiments/manual-run/logs/q23_grover_multi_blosc_error.stderr.log,/home/buendiagon/buendiagon/Universidad/QSTest/build/release/bin/experiment_compare --qubits 23 --workload grover_multi --strategy blosc
23,grover_multi,zfp,lossy,0,false,8.2831660422128975e-10,7.5328898674342781e-10,1.860706290974855e-09,6.4244044736832972e-13,3.9776726357132475e-10,1.1933265486874234e-09,1048576,/home/buendiagon/buendiagon/Universidad/QSTest/results/thesis_experiments/manual-run/logs/q23_grover_multi_zfp_error.stdout.log,/home/buendiagon/buendiagon/Universidad/QSTest/results/thesis_experiments/manual-run/logs/q23_grover_multi_zfp_error.stderr.log,/home/buendiagon/buendiagon/Universidad/QSTest/build/release/bin/experiment_compare --qubits 23 --workload grover_multi --strategy zfp
23,grover_lazy_single_n8,dense,reference,0,true,0,0,0,0,0,0,0,,,reference row
23,grover_lazy_single_n8,blosc,lossless,0,true,0,0,0,0,0,0,0,/home/buendiagon/buendiagon/Universidad/QSTest/results/thesis_experiments/manual-run/logs/q23_grover_lazy_single_n8_blosc_error.stdout.log,/home/buendiagon/buendiagon/Universidad/QSTest/results/thesis_experiments/manual-run/logs/q23_grover_lazy_single_n8_blosc_error.stderr.log,/home/buendiagon/buendiagon/Universidad/QSTest/build/release/bin/experiment_compare --qubits 23 --workload grover_lazy_single_n8 --strategy blosc
23,grover_lazy_single_n8,zfp,lossy,0,false,1.7088351001218884e-11,1.5001811127882212e-11,3.8952394802400534e-11,1.3448975836616924e-14,5.8741900232917033e-12,5.8739679786867782e-12,1048832,/home/buendiagon/buendiagon/Universidad/QSTest/results/thesis_experiments/manual-run/logs/q23_grover_lazy_single_n8_zfp_error.stdout.log,/home/buendiagon/buendiagon/Universidad/QSTest/results/thesis_experiments/manual-run/logs/q23_grover_lazy_single_n8_zfp_error.stderr.log,/home/buendiagon/buendiagon/Universidad/QSTest/build/release/bin/experiment_compare --qubits 23 --workload grover_lazy_single_n8 --strategy zfp
23,grover_lazy_single_n2,dense,reference,0,true,0,0,0,0,0,0,0,,,reference row
23,grover_lazy_single_n2,blosc,lossless,0,true,0,0,0,0,0,0,0,/home/buendiagon/buendiagon/Universidad/QSTest/results/thesis_experiments/manual-run/logs/q23_grover_lazy_single_n2_blosc_error.stdout.log,/home/buendiagon/buendiagon/Universidad/QSTest/results/thesis_experiments/manual-run/logs/q23_grover_lazy_single_n2_blosc_error.stderr.log,/home/buendiagon/buendiagon/Universidad/QSTest/build/release/bin/experiment_compare --qubits 23 --workload grover_lazy_single_n2 --strategy blosc
23,grover_lazy_single_n2,zfp,lossy,0,false,1.7088351001218884e-11,1.5001811127882212e-11,3.8952394807084852e-11,1.3448975837199637e-14,5.8741900232917033e-12,5.8735238894769282e-12,4194560,/home/buendiagon/buendiagon/Universidad/QSTest/results/thesis_experiments/manual-run/logs/q23_grover_lazy_single_n2_zfp_error.stdout.log,/home/buendiagon/buendiagon/Universidad/QSTest/results/thesis_experiments/manual-run/logs/q23_grover_lazy_single_n2_zfp_error.stderr.log,/home/buendiagon/buendiagon/Universidad/QSTest/build/release/bin/experiment_compare --qubits 23 --workload grover_lazy_single_n2 --strategy zfp
23,grover_lazy_single_7n8,dense,reference,0,true,0,0,0,0,0,0,0,,,reference row
23,grover_lazy_single_7n8,blosc,lossless,0,true,0,0,0,0,0,0,0,/home/buendiagon/buendiagon/Universidad/QSTest/results/thesis_experiments/manual-run/logs/q23_grover_lazy_single_7n8_blosc_error.stdout.log,/home/buendiagon/buendiagon/Universidad/QSTest/results/thesis_experiments/manual-run/logs/q23_grover_lazy_single_7n8_blosc_error.stderr.log,/home/buendiagon/buendiagon/Universidad/QSTest/build/release/bin/experiment_compare --qubits 23 --workload grover_lazy_single_7n8 --strategy blosc
23,grover_lazy_single_7n8,zfp,lossy,0,false,1.7088351001218884e-11,1.5001811127882212e-11,3.8952394811311557e-11,1.3448975837624352e-14,5.8741900232917033e-12,5.8730798002670781e-12,7340288,/home/buendiagon/buendiagon/Universidad/QSTest/results/thesis_experiments/manual-run/logs/q23_grover_lazy_single_7n8_zfp_error.stdout.log,/home/buendiagon/buendiagon/Universidad/QSTest/results/thesis_experiments/manual-run/logs/q23_grover_lazy_single_7n8_zfp_error.stderr.log,/home/buendiagon/buendiagon/Universidad/QSTest/build/release/bin/experiment_compare --qubits 23 --workload grover_lazy_single_7n8 --strategy zfp
23,grover_lazy_multi,dense,reference,0,true,0,0,0,0,0,0,0,,,reference row
23,grover_lazy_multi,blosc,lossless,0,true,0,0,0,0,0,0,0,/home/buendiagon/buendiagon/Universidad/QSTest/results/thesis_experiments/manual-run/logs/q23_grover_lazy_multi_blosc_error.stdout.log,/home/buendiagon/buendiagon/Universidad/QSTest/results/thesis_experiments/manual-run/logs/q23_grover_lazy_multi_blosc_error.stderr.log,/home/buendiagon/buendiagon/Universidad/QSTest/build/release/bin/experiment_compare --qubits 23 --workload grover_lazy_multi --strategy blosc
23,grover_lazy_multi,zfp,lossy,0,false,1.294648218197476e-11,1.2500686255864459e-11,4.7313137650278898e-11,1.6335664293648311e-14,5.6305515805377127e-12,1.6891377185856982e-11,1048960,/home/buendiagon/buendiagon/Universidad/QSTest/results/thesis_experiments/manual-run/logs/q23_grover_lazy_multi_zfp_error.stdout.log,/home/buendiagon/buendiagon/Universidad/QSTest/results/thesis_experiments/manual-run/logs/q23_grover_lazy_multi_zfp_error.stderr.log,/home/buendiagon/buendiagon/Universidad/QSTest/build/release/bin/experiment_compare --qubits 23 --workload grover_lazy_multi --strategy zfp
24,qft_pattern,dense,reference,0,true,0,0,0,0,0,0,0,,,reference row
24,qft_pattern,blosc,lossless,0,true,0,0,0,0,0,0,0,/home/buendiagon/buendiagon/Universidad/QSTest/results/thesis_experiments/manual-run/logs/q24_qft_pattern_blosc_error.stdout.log,/home/buendiagon/buendiagon/Universidad/QSTest/results/thesis_experiments/manual-run/logs/q24_qft_pattern_blosc_error.stderr.log,/home/buendiagon/buendiagon/Universidad/QSTest/build/release/bin/experiment_compare --qubits 24 --workload qft_pattern --strategy blosc
24,qft_pattern,zfp,lossy,0,false,3.7857887661870836e-11,3.4901859180536121e-11,1.3339409701206802e-10,3.2566918215836856e-14,1.9151513708237644e-11,4.8517634354539041e-11,7405568,/home/buendiagon/buendiagon/Universidad/QSTest/results/thesis_experiments/manual-run/logs/q24_qft_pattern_zfp_error.stdout.log,/home/buendiagon/buendiagon/Universidad/QSTest/results/thesis_experiments/manual-run/logs/q24_qft_pattern_zfp_error.stderr.log,/home/buendiagon/buendiagon/Universidad/QSTest/build/release/bin/experiment_compare --qubits 24 --workload qft_pattern --strategy zfp
24,qft_high_entropy,dense,reference,0,true,0,0,0,0,0,0,0,,,reference row
24,qft_high_entropy,blosc,lossless,0,true,0,0,0,0,0,0,0,/home/buendiagon/buendiagon/Universidad/QSTest/results/thesis_experiments/manual-run/logs/q24_qft_high_entropy_blosc_error.stdout.log,/home/buendiagon/buendiagon/Universidad/QSTest/results/thesis_experiments/manual-run/logs/q24_qft_high_entropy_blosc_error.stderr.log,/home/buendiagon/buendiagon/Universidad/QSTest/build/release/bin/experiment_compare --qubits 24 --workload qft_high_entropy --strategy blosc
24,qft_high_entropy,zfp,lossy,0,false,3.7881629914936849e-11,3.3172479628647278e-11,3.1712096682648401e-10,7.7422111041626465e-14,2.0677890850216646e-14,7.7715611723760958e-14,8421377,/home/buendiagon/buendiagon/Universidad/QSTest/results/thesis_experiments/manual-run/logs/q24_qft_high_entropy_zfp_error.stdout.log,/home/buendiagon/buendiagon/Universidad/QSTest/results/thesis_experiments/manual-run/logs/q24_qft_high_entropy_zfp_error.stderr.log,/home/buendiagon/buendiagon/Universidad/QSTest/build/release/bin/experiment_compare --qubits 24 --workload qft_high_entropy --strategy zfp
24,grover_single_n8,dense,reference,0,true,0,0,0,0,0,0,0,,,reference row
24,grover_single_n8,blosc,lossless,0,true,0,0,0,0,0,0,0,/home/buendiagon/buendiagon/Universidad/QSTest/results/thesis_experiments/manual-run/logs/q24_grover_single_n8_blosc_error.stdout.log,/home/buendiagon/buendiagon/Universidad/QSTest/results/thesis_experiments/manual-run/logs/q24_grover_single_n8_blosc_error.stderr.log,/home/buendiagon/buendiagon/Universidad/QSTest/build/release/bin/experiment_compare --qubits 24 --workload grover_single_n8 --strategy blosc
24,grover_single_n8,zfp,lossy,0,false,2.57701745539809e-09,2.4315340851899236e-09,3.183349327591446e-09,7.7718489453022693e-13,1.7072327995748537e-09,1.6521233270339053e-09,2097152,/home/buendiagon/buendiagon/Universidad/QSTest/results/thesis_experiments/manual-run/logs/q24_grover_single_n8_zfp_error.stdout.log,/home/buendiagon/buendiagon/Universidad/QSTest/results/thesis_experiments/manual-run/logs/q24_grover_single_n8_zfp_error.stderr.log,/home/buendiagon/buendiagon/Universidad/QSTest/build/release/bin/experiment_compare --qubits 24 --workload grover_single_n8 --strategy zfp
24,grover_single_n2,dense,reference,0,true,0,0,0,0,0,0,0,,,reference row
24,grover_single_n2,blosc,lossless,0,true,0,0,0,0,0,0,0,/home/buendiagon/buendiagon/Universidad/QSTest/results/thesis_experiments/manual-run/logs/q24_grover_single_n2_blosc_error.stdout.log,/home/buendiagon/buendiagon/Universidad/QSTest/results/thesis_experiments/manual-run/logs/q24_grover_single_n2_blosc_error.stderr.log,/home/buendiagon/buendiagon/Universidad/QSTest/build/release/bin/experiment_compare --qubits 24 --workload grover_single_n2 --strategy blosc
24,grover_single_n2,zfp,lossy,0,false,2.57701745539809e-09,2.4315340851899236e-09,3.1833493275013912e-09,7.7718489446593211e-13,1.7072327995748537e-09,1.6520109724638132e-09,8388608,/home/buendiagon/buendiagon/Universidad/QSTest/results/thesis_experiments/manual-run/logs/q24_grover_single_n2_zfp_error.stdout.log,/home/buendiagon/buendiagon/Universidad/QSTest/results/thesis_experiments/manual-run/logs/q24_grover_single_n2_zfp_error.stderr.log,/home/buendiagon/buendiagon/Universidad/QSTest/build/release/bin/experiment_compare --qubits 24 --workload grover_single_n2 --strategy zfp
24,grover_single_7n8,dense,reference,0,true,0,0,0,0,0,0,0,,,reference row
24,grover_single_7n8,blosc,lossless,0,true,0,0,0,0,0,0,0,/home/buendiagon/buendiagon/Universidad/QSTest/results/thesis_experiments/manual-run/logs/q24_grover_single_7n8_blosc_error.stdout.log,/home/buendiagon/buendiagon/Universidad/QSTest/results/thesis_experiments/manual-run/logs/q24_grover_single_7n8_blosc_error.stderr.log,/home/buendiagon/buendiagon/Universidad/QSTest/build/release/bin/experiment_compare --qubits 24 --workload grover_single_7n8 --strategy blosc
24,grover_single_7n8,zfp,lossy,0,false,2.57701745539809e-09,2.4315340851899236e-09,3.183349327459315e-09,7.7718489441335091e-13,1.7072327995748537e-09,1.6518986178937212e-09,14680064,/home/buendiagon/buendiagon/Universidad/QSTest/results/thesis_experiments/manual-run/logs/q24_grover_single_7n8_zfp_error.stdout.log,/home/buendiagon/buendiagon/Universidad/QSTest/results/thesis_experiments/manual-run/logs/q24_grover_single_7n8_zfp_error.stderr.log,/home/buendiagon/buendiagon/Universidad/QSTest/build/release/bin/experiment_compare --qubits 24 --workload grover_single_7n8 --strategy zfp
24,grover_multi,dense,reference,0,true,0,0,0,0,0,0,0,,,reference row
24,grover_multi,blosc,lossless,0,true,0,0,0,0,0,0,0,/home/buendiagon/buendiagon/Universidad/QSTest/results/thesis_experiments/manual-run/logs/q24_grover_multi_blosc_error.stdout.log,/home/buendiagon/buendiagon/Universidad/QSTest/results/thesis_experiments/manual-run/logs/q24_grover_multi_blosc_error.stderr.log,/home/buendiagon/buendiagon/Universidad/QSTest/build/release/bin/experiment_compare --qubits 24 --workload grover_multi --strategy blosc
24,grover_multi,zfp,lossy,0,false,9.9099108105186371e-10,9.3587004812434316e-10,2.1331381861961946e-09,5.2078568997519609e-13,3.763164779790884e-10,1.226667545317639e-09,2097152,/home/buendiagon/buendiagon/Universidad/QSTest/results/thesis_experiments/manual-run/logs/q24_grover_multi_zfp_error.stdout.log,/home/buendiagon/buendiagon/Universidad/QSTest/results/thesis_experiments/manual-run/logs/q24_grover_multi_zfp_error.stderr.log,/home/buendiagon/buendiagon/Universidad/QSTest/build/release/bin/experiment_compare --qubits 24 --workload grover_multi --strategy zfp
24,grover_lazy_single_n8,dense,reference,0,true,0,0,0,0,0,0,0,,,reference row
24,grover_lazy_single_n8,blosc,lossless,0,true,0,0,0,0,0,0,0,/home/buendiagon/buendiagon/Universidad/QSTest/results/thesis_experiments/manual-run/logs/q24_grover_lazy_single_n8_blosc_error.stdout.log,/home/buendiagon/buendiagon/Universidad/QSTest/results/thesis_experiments/manual-run/logs/q24_grover_lazy_single_n8_blosc_error.stderr.log,/home/buendiagon/buendiagon/Universidad/QSTest/build/release/bin/experiment_compare --qubits 24 --workload grover_lazy_single_n8 --strategy blosc
24,grover_lazy_single_n8,zfp,lossy,0,false,3.3461335255116674e-11,3.3193887518911671e-11,5.7512647541244095e-11,1.40411737179076e-14,8.4443563252989406e-12,8.1721296396608523e-12,2097152,/home/buendiagon/buendiagon/Universidad/QSTest/results/thesis_experiments/manual-run/logs/q24_grover_lazy_single_n8_zfp_error.stdout.log,/home/buendiagon/buendiagon/Universidad/QSTest/results/thesis_experiments/manual-run/logs/q24_grover_lazy_single_n8_zfp_error.stderr.log,/home/buendiagon/buendiagon/Universidad/QSTest/build/release/bin/experiment_compare --qubits 24 --workload grover_lazy_single_n8 --strategy zfp
24,grover_lazy_single_n2,dense,reference,0,true,0,0,0,0,0,0,0,,,reference row
24,grover_lazy_single_n2,blosc,lossless,0,true,0,0,0,0,0,0,0,/home/buendiagon/buendiagon/Universidad/QSTest/results/thesis_experiments/manual-run/logs/q24_grover_lazy_single_n2_blosc_error.stdout.log,/home/buendiagon/buendiagon/Universidad/QSTest/results/thesis_experiments/manual-run/logs/q24_grover_lazy_single_n2_blosc_error.stderr.log,/home/buendiagon/buendiagon/Universidad/QSTest/build/release/bin/experiment_compare --qubits 24 --workload grover_lazy_single_n2 --strategy blosc
24,grover_lazy_single_n2,zfp,lossy,0,false,3.3461335255116674e-11,3.3193887518911671e-11,5.7512647545326031e-11,1.4041173718139785e-14,8.4443563252989406e-12,8.1727957734756274e-12,8388608,/home/buendiagon/buendiagon/Universidad/QSTest/results/thesis_experiments/manual-run/logs/q24_grover_lazy_single_n2_zfp_error.stdout.log,/home/buendiagon/buendiagon/Universidad/QSTest/results/thesis_experiments/manual-run/logs/q24_grover_lazy_single_n2_zfp_error.stderr.log,/home/buendiagon/buendiagon/Universidad/QSTest/build/release/bin/experiment_compare --qubits 24 --workload grover_lazy_single_n2 --strategy zfp
24,grover_lazy_single_7n8,dense,reference,0,true,0,0,0,0,0,0,0,,,reference row
24,grover_lazy_single_7n8,blosc,lossless,0,true,0,0,0,0,0,0,0,/home/buendiagon/buendiagon/Universidad/QSTest/results/thesis_experiments/manual-run/logs/q24_grover_lazy_single_7n8_blosc_error.stdout.log,/home/buendiagon/buendiagon/Universidad/QSTest/results/thesis_experiments/manual-run/logs/q24_grover_lazy_single_7n8_blosc_error.stderr.log,/home/buendiagon/buendiagon/Universidad/QSTest/build/release/bin/experiment_compare --qubits 24 --workload grover_lazy_single_7n8 --strategy blosc
24,grover_lazy_single_7n8,zfp,lossy,0,false,3.3461335255116674e-11,3.3193887518911671e-11,5.7512647549420523e-11,1.4041173718375039e-14,8.4443563252989406e-12,8.1734619072904025e-12,14680064,/home/buendiagon/buendiagon/Universidad/QSTest/results/thesis_experiments/manual-run/logs/q24_grover_lazy_single_7n8_zfp_error.stdout.log,/home/buendiagon/buendiagon/Universidad/QSTest/results/thesis_experiments/manual-run/logs/q24_grover_lazy_single_7n8_zfp_error.stderr.log,/home/buendiagon/buendiagon/Universidad/QSTest/build/release/bin/experiment_compare --qubits 24 --workload grover_lazy_single_7n8 --strategy zfp
24,grover_lazy_multi,dense,reference,0,true,0,0,0,0,0,0,0,,,reference row
24,grover_lazy_multi,blosc,lossless,0,true,0,0,0,0,0,0,0,/home/buendiagon/buendiagon/Universidad/QSTest/results/thesis_experiments/manual-run/logs/q24_grover_lazy_multi_blosc_error.stdout.log,/home/buendiagon/buendiagon/Universidad/QSTest/results/thesis_experiments/manual-run/logs/q24_grover_lazy_multi_blosc_error.stderr.log,/home/buendiagon/buendiagon/Universidad/QSTest/build/release/bin/experiment_compare --qubits 24 --workload grover_lazy_multi --strategy blosc
24,grover_lazy_multi,zfp,lossy,0,false,1.6534892535685376e-11,1.5686112551561287e-11,5.0183861040877102e-11,1.2251919199100929e-14,1.7802426199864385e-13,5.3412829714716281e-13,2097280,/home/buendiagon/buendiagon/Universidad/QSTest/results/thesis_experiments/manual-run/logs/q24_grover_lazy_multi_zfp_error.stdout.log,/home/buendiagon/buendiagon/Universidad/QSTest/results/thesis_experiments/manual-run/logs/q24_grover_lazy_multi_zfp_error.stderr.log,/home/buendiagon/buendiagon/Universidad/QSTest/build/release/bin/experiment_compare --qubits 24 --workload grover_lazy_multi --strategy zfp
25,qft_pattern,dense,reference,0,true,0,0,0,0,0,0,0,,,reference row
25,qft_pattern,blosc,lossless,0,true,0,0,0,0,0,0,0,/home/buendiagon/buendiagon/Universidad/QSTest/results/thesis_experiments/manual-run/logs/q25_qft_pattern_blosc_error.stdout.log,/home/buendiagon/buendiagon/Universidad/QSTest/results/thesis_experiments/manual-run/logs/q25_qft_pattern_blosc_error.stderr.log,/home/buendiagon/buendiagon/Universidad/QSTest/build/release/bin/experiment_compare --qubits 25 --workload qft_pattern --strategy blosc
25,qft_pattern,zfp,lossy,0,false,3.7857887661870836e-11,3.4901859180536121e-11,1.3339409701206802e-10,2.302828871276594e-14,1.9151513708237644e-11,4.8517634354539041e-11,14811136,/home/buendiagon/buendiagon/Universidad/QSTest/results/thesis_experiments/manual-run/logs/q25_qft_pattern_zfp_error.stdout.log,/home/buendiagon/buendiagon/Universidad/QSTest/results/thesis_experiments/manual-run/logs/q25_qft_pattern_zfp_error.stderr.log,/home/buendiagon/buendiagon/Universidad/QSTest/build/release/bin/experiment_compare --qubits 25 --workload qft_pattern --strategy zfp
25,qft_high_entropy,dense,reference,0,true,0,0,0,0,0,0,0,,,reference row
25,qft_high_entropy,blosc,lossless,0,true,0,0,0,0,0,0,0,/home/buendiagon/buendiagon/Universidad/QSTest/results/thesis_experiments/manual-run/logs/q25_qft_high_entropy_blosc_error.stdout.log,/home/buendiagon/buendiagon/Universidad/QSTest/results/thesis_experiments/manual-run/logs/q25_qft_high_entropy_blosc_error.stderr.log,/home/buendiagon/buendiagon/Universidad/QSTest/build/release/bin/experiment_compare --qubits 25 --workload qft_high_entropy --strategy blosc
25,qft_high_entropy,zfp,lossy,0,false,3.0076427993369502e-11,2.6527359444554564e-11,3.4453451514756576e-10,5.9478196292397226e-14,1.1540382959516347e-14,1.5465406733028431e-13,16842753,/home/buendiagon/buendiagon/Universidad/QSTest/results/thesis_experiments/manual-run/logs/q25_qft_high_entropy_zfp_error.stdout.log,/home/buendiagon/buendiagon/Universidad/QSTest/results/thesis_experiments/manual-run/logs/q25_qft_high_entropy_zfp_error.stderr.log,/home/buendiagon/buendiagon/Universidad/QSTest/build/release/bin/experiment_compare --qubits 25 --workload qft_high_entropy --strategy zfp
25,grover_single_n8,dense,reference,0,true,0,0,0,0,0,0,0,,,reference row
25,grover_single_n8,blosc,lossless,0,true,0,0,0,0,0,0,0,/home/buendiagon/buendiagon/Universidad/QSTest/results/thesis_experiments/manual-run/logs/q25_grover_single_n8_blosc_error.stdout.log,/home/buendiagon/buendiagon/Universidad/QSTest/results/thesis_experiments/manual-run/logs/q25_grover_single_n8_blosc_error.stderr.log,/home/buendiagon/buendiagon/Universidad/QSTest/build/release/bin/experiment_compare --qubits 25 --workload grover_single_n8 --strategy blosc
25,grover_single_n8,zfp,lossy,0,false,3.2119469233405079e-09,3.0804585549049079e-09,4.0871812000764674e-09,7.0558436036429963e-13,1.8192065631694732e-09,1.819205563968751e-09,4194304,/home/buendiagon/buendiagon/Universidad/QSTest/results/thesis_experiments/manual-run/logs/q25_grover_single_n8_zfp_error.stdout.log,/home/buendiagon/buendiagon/Universidad/QSTest/results/thesis_experiments/manual-run/logs/q25_grover_single_n8_zfp_error.stderr.log,/home/buendiagon/buendiagon/Universidad/QSTest/build/release/bin/experiment_compare --qubits 25 --workload grover_single_n8 --strategy zfp
25,grover_single_n2,dense,reference,0,true,0,0,0,0,0,0,0,,,reference row
25,grover_single_n2,blosc,lossless,0,true,0,0,0,0,0,0,0,/home/buendiagon/buendiagon/Universidad/QSTest/results/thesis_experiments/manual-run/logs/q25_grover_single_n2_blosc_error.stdout.log,/home/buendiagon/buendiagon/Universidad/QSTest/results/thesis_experiments/manual-run/logs/q25_grover_single_n2_blosc_error.stderr.log,/home/buendiagon/buendiagon/Universidad/QSTest/build/release/bin/experiment_compare --qubits 25 --workload grover_single_n2 --strategy blosc
25,grover_single_n2,zfp,lossy,0,false,3.2119469233405079e-09,3.0804585549049079e-09,4.0871812005938201e-09,7.0558436045592251e-13,1.8192065631694732e-09,1.8192030104557944e-09,16777216,/home/buendiagon/buendiagon/Universidad/QSTest/results/thesis_experiments/manual-run/logs/q25_grover_single_n2_zfp_error.stdout.log,/home/buendiagon/buendiagon/Universidad/QSTest/results/thesis_experiments/manual-run/logs/q25_grover_single_n2_zfp_error.stderr.log,/home/buendiagon/buendiagon/Universidad/QSTest/build/release/bin/experiment_compare --qubits 25 --workload grover_single_n2 --strategy zfp
25,grover_single_7n8,dense,reference,0,true,0,0,0,0,0,0,0,,,reference row
25,grover_single_7n8,blosc,lossless,0,true,0,0,0,0,0,0,0,/home/buendiagon/buendiagon/Universidad/QSTest/results/thesis_experiments/manual-run/logs/q25_grover_single_7n8_blosc_error.stdout.log,/home/buendiagon/buendiagon/Universidad/QSTest/results/thesis_experiments/manual-run/logs/q25_grover_single_7n8_blosc_error.stderr.log,/home/buendiagon/buendiagon/Universidad/QSTest/build/release/bin/experiment_compare --qubits 25 --workload grover_single_7n8 --strategy blosc
25,grover_single_7n8,zfp,lossy,0,false,3.2119469233405079e-09,3.0804585549049079e-09,4.0871812000580792e-09,7.0558436036574609e-13,1.8192065631694732e-09,1.8192003459205353e-09,29360128,/home/buendiagon/buendiagon/Universidad/QSTest/results/thesis_experiments/manual-run/logs/q25_grover_single_7n8_zfp_error.stdout.log,/home/buendiagon/buendiagon/Universidad/QSTest/results/thesis_experiments/manual-run/logs/q25_grover_single_7n8_zfp_error.stderr.log,/home/buendiagon/buendiagon/Universidad/QSTest/build/release/bin/experiment_compare --qubits 25 --workload grover_single_7n8 --strategy zfp
25,grover_multi,dense,reference,0,true,0,0,0,0,0,0,0,,,reference row
25,grover_multi,blosc,lossless,0,true,0,0,0,0,0,0,0,/home/buendiagon/buendiagon/Universidad/QSTest/results/thesis_experiments/manual-run/logs/q25_grover_multi_blosc_error.stdout.log,/home/buendiagon/buendiagon/Universidad/QSTest/results/thesis_experiments/manual-run/logs/q25_grover_multi_blosc_error.stderr.log,/home/buendiagon/buendiagon/Universidad/QSTest/build/release/bin/experiment_compare --qubits 25 --workload grover_multi --strategy blosc
25,grover_multi,zfp,lossy,0,false,1.6904185346913543e-09,1.6073045117082074e-09,3.4484416248968082e-09,5.9531651769780782e-13,6.0452404193611642e-10,1.4825136673835004e-09,4194304,/home/buendiagon/buendiagon/Universidad/QSTest/results/thesis_experiments/manual-run/logs/q25_grover_multi_zfp_error.stdout.log,/home/buendiagon/buendiagon/Universidad/QSTest/results/thesis_experiments/manual-run/logs/q25_grover_multi_zfp_error.stderr.log,/home/buendiagon/buendiagon/Universidad/QSTest/build/release/bin/experiment_compare --qubits 25 --workload grover_multi --strategy zfp
25,grover_lazy_single_n8,dense,reference,0,true,0,0,0,0,0,0,0,,,reference row
25,grover_lazy_single_n8,blosc,lossless,0,true,0,0,0,0,0,0,0,/home/buendiagon/buendiagon/Universidad/QSTest/results/thesis_experiments/manual-run/logs/q25_grover_lazy_single_n8_blosc_error.stdout.log,/home/buendiagon/buendiagon/Universidad/QSTest/results/thesis_experiments/manual-run/logs/q25_grover_lazy_single_n8_blosc_error.stderr.log,/home/buendiagon/buendiagon/Universidad/QSTest/build/release/bin/experiment_compare --qubits 25 --workload grover_lazy_single_n8 --strategy blosc
25,grover_lazy_single_n8,zfp,lossy,0,false,7.5057706324331328e-12,7.505770509511567e-12,2.4041750491158862e-11,4.1504113255426875e-15,3.0109248427834245e-13,3.0109248427834245e-13,4194689,/home/buendiagon/buendiagon/Universidad/QSTest/results/thesis_experiments/manual-run/logs/q25_grover_lazy_single_n8_zfp_error.stdout.log,/home/buendiagon/buendiagon/Universidad/QSTest/results/thesis_experiments/manual-run/logs/q25_grover_lazy_single_n8_zfp_error.stderr.log,/home/buendiagon/buendiagon/Universidad/QSTest/build/release/bin/experiment_compare --qubits 25 --workload grover_lazy_single_n8 --strategy zfp
25,grover_lazy_single_n2,dense,reference,0,true,0,0,0,0,0,0,0,,,reference row
25,grover_lazy_single_n2,blosc,lossless,0,true,0,0,0,0,0,0,0,/home/buendiagon/buendiagon/Universidad/QSTest/results/thesis_experiments/manual-run/logs/q25_grover_lazy_single_n2_blosc_error.stdout.log,/home/buendiagon/buendiagon/Universidad/QSTest/results/thesis_experiments/manual-run/logs/q25_grover_lazy_single_n2_blosc_error.stderr.log,/home/buendiagon/buendiagon/Universidad/QSTest/build/release/bin/experiment_compare --qubits 25 --workload grover_lazy_single_n2 --strategy blosc
25,grover_lazy_single_n2,zfp,lossy,0,false,7.5057706324331328e-12,7.505770509511567e-12,2.4041750494156212e-11,4.150411326073721e-15,3.0109248427834245e-13,3.0109248427834245e-13,16777601,/home/buendiagon/buendiagon/Universidad/QSTest/results/thesis_experiments/manual-run/logs/q25_grover_lazy_single_n2_zfp_error.stdout.log,/home/buendiagon/buendiagon/Universidad/QSTest/results/thesis_experiments/manual-run/logs/q25_grover_lazy_single_n2_zfp_error.stderr.log,/home/buendiagon/buendiagon/Universidad/QSTest/build/release/bin/experiment_compare --qubits 25 --workload grover_lazy_single_n2 --strategy zfp
25,grover_lazy_single_7n8,dense,reference,0,true,0,0,0,0,0,0,0,,,reference row
25,grover_lazy_single_7n8,blosc,lossless,0,true,0,0,0,0,0,0,0,/home/buendiagon/buendiagon/Universidad/QSTest/results/thesis_experiments/manual-run/logs/q25_grover_lazy_single_7n8_blosc_error.stdout.log,/home/buendiagon/buendiagon/Universidad/QSTest/results/thesis_experiments/manual-run/logs/q25_grover_lazy_single_7n8_blosc_error.stderr.log,/home/buendiagon/buendiagon/Universidad/QSTest/build/release/bin/experiment_compare --qubits 25 --workload grover_lazy_single_7n8 --strategy blosc
25,grover_lazy_single_7n8,zfp,lossy,0,false,7.5057706324331328e-12,7.505770509511567e-12,2.4041750489728017e-11,4.1504113253228564e-15,3.0109248427834245e-13,3.0109248427834245e-13,29360513,/home/buendiagon/buendiagon/Universidad/QSTest/results/thesis_experiments/manual-run/logs/q25_grover_lazy_single_7n8_zfp_error.stdout.log,/home/buendiagon/buendiagon/Universidad/QSTest/results/thesis_experiments/manual-run/logs/q25_grover_lazy_single_7n8_zfp_error.stderr.log,/home/buendiagon/buendiagon/Universidad/QSTest/build/release/bin/experiment_compare --qubits 25 --workload grover_lazy_single_7n8 --strategy zfp
25,grover_lazy_multi,dense,reference,0,true,0,0,0,0,0,0,0,,,reference row
25,grover_lazy_multi,blosc,lossless,0,true,0,0,0,0,0,0,0,/home/buendiagon/buendiagon/Universidad/QSTest/results/thesis_experiments/manual-run/logs/q25_grover_lazy_multi_blosc_error.stdout.log,/home/buendiagon/buendiagon/Universidad/QSTest/results/thesis_experiments/manual-run/logs/q25_grover_lazy_multi_blosc_error.stderr.log,/home/buendiagon/buendiagon/Universidad/QSTest/build/release/bin/experiment_compare --qubits 25 --workload grover_lazy_multi --strategy blosc
25,grover_lazy_multi,zfp,lossy,0,false,1.3324803480227001e-11,1.2957860900871873e-11,4.5457009140198444e-11,7.847402197829047e-15,3.5859648583880244e-12,1.0757950086315304e-11,4194304,/home/buendiagon/buendiagon/Universidad/QSTest/results/thesis_experiments/manual-run/logs/q25_grover_lazy_multi_zfp_error.stdout.log,/home/buendiagon/buendiagon/Universidad/QSTest/results/thesis_experiments/manual-run/logs/q25_grover_lazy_multi_zfp_error.stderr.log,/home/buendiagon/buendiagon/Universidad/QSTest/build/release/bin/experiment_compare --qubits 25 --workload grover_lazy_multi --strategy zfp
26,qft_pattern,dense,reference,0,true,0,0,0,0,0,0,0,,,reference row
26,qft_pattern,blosc,lossless,0,true,0,0,0,0,0,0,0,/home/buendiagon/buendiagon/Universidad/QSTest/results/thesis_experiments/manual-run/logs/q26_qft_pattern_blosc_error.stdout.log,/home/buendiagon/buendiagon/Universidad/QSTest/results/thesis_experiments/manual-run/logs/q26_qft_pattern_blosc_error.stderr.log,/home/buendiagon/buendiagon/Universidad/QSTest/build/release/bin/experiment_compare --qubits 26 --workload qft_pattern --strategy blosc
26,qft_pattern,zfp,lossy,0,false,3.7857887661870836e-11,3.4901859180536121e-11,1.333941505476352e-10,1.6283465643021838e-14,1.9151583097176683e-11,4.8517967421446428e-11,29622272,/home/buendiagon/buendiagon/Universidad/QSTest/results/thesis_experiments/manual-run/logs/q26_qft_pattern_zfp_error.stdout.log,/home/buendiagon/buendiagon/Universidad/QSTest/results/thesis_experiments/manual-run/logs/q26_qft_pattern_zfp_error.stderr.log,/home/buendiagon/buendiagon/Universidad/QSTest/build/release/bin/experiment_compare --qubits 26 --workload qft_pattern --strategy zfp
26,qft_high_entropy,dense,reference,0,true,0,0,0,0,0,0,0,,,reference row
26,qft_high_entropy,blosc,lossless,0,true,0,0,0,0,0,0,0,/home/buendiagon/buendiagon/Universidad/QSTest/results/thesis_experiments/manual-run/logs/q26_qft_high_entropy_blosc_error.stdout.log,/home/buendiagon/buendiagon/Universidad/QSTest/results/thesis_experiments/manual-run/logs/q26_qft_high_entropy_blosc_error.stderr.log,/home/buendiagon/buendiagon/Universidad/QSTest/build/release/bin/experiment_compare --qubits 26 --workload qft_high_entropy --strategy blosc
